,Division,Sales,Gross Profit,Units,Gross Margin %,Profit per Unit
0,chocolate,131692.9,88824.62000000001,37275,67.45816245441226,2.3829542588866537
1,other,9663.25,4333.45,1242,37.67245657568238,3.4890901771336553
2,sugar,427.48,284.73,137,57.68900055834729,2.0783211678832116
